[{"hotel_url":"Hotel_Review-g1110491-d229922-Reviews-Hotel_Beausite-Unterseen_Interlaken_Bernese_Oberland_Canton_of_Bern.html","text_filtered_per_sentence":"the hotel is clean and very pleasant .included breakfasts were very good and overall , service in the hotel was very good .the dining room offerings are limited , so we would recommend restaurants nearby ( within a few minutes walk )that are excellent and a good value .there is one issue which is not unique to the hotel beausiteonce on our balcony , there is a railing about 3 ' high , and on the other side of the railing - a footor so away - is what looks like an extension ladder ( just rungs - no steps )","rating":3.0},{"hotel_url":"Hotel_Review-g1234491-d289570-Reviews-Hotel_Avra_Rafina-Rafina_East_Attica_Region_Attica.html","text_filtered_per_sentence":"unfortunately the accommodation does n't come up to standard !the free shuttle from the airport is great , which s the main reason we chose the avra and rafina .there is really no other competition in rafina as far as hotel accommodation is concerned-there 's a few places with rooms , and some studiosthe hotel is a bit run down , but is due for a makeover soon , which will make it a fantastic place to stay with its proximity to the port and many good restaurants nearby .if you do n't mind a few frayed carpets and a knocked about room you wo n't have any complaints .","rating":3.0},{"hotel_url":"Hotel_Review-g154943-d186061-Reviews-Rosellen_Suites_At_Stanley_Park-Vancouver_British_Columbia.html","text_filtered_per_sentence":"we needed a hotel in the downtown part of vancouver for a few days of doing some business and just enjoying the west end - this turned out to be a very good choice , .it 's located a five minute walk from a nice safeway on robson so easy to shop .and of course there are scores of cafes and restaurants within blocks on both denman and robson : we tried the malaysian banana leaf and true confections .a nice touch","rating":4.0},{"hotel_url":"Hotel_Review-g154945-d188271-Reviews-Huntingdon_Manor_Hotel-Victoria_Victoria_Capital_Regional_District_Vancouver_Island_Bri.html","text_filtered_per_sentence":"we took advantage of a bc ferries 3-for-2 package and picked the huntington manor out of the possible options because it has a great inner harbor location .our package included rt bc ferry tsawwassen - swartz bay -tsawwassen , three nights at the huntington manor with breakfast and parking included .the best things about the huntingdon :staff are excellent , really friendly & helpful .the lady who serves in the breakfast room was outstanding and we looked forward to seeing her every morning .none of that vinegary flavor too common with most places .really great breakfast ( several options from waffles with fruit to fruit and yogurt to eggs , etc ) in a room with big windows that look out to the harbor across the hotels little garden .location ca n't be better .an easy 10 minute walk to government street , or even less for the walkway that goes from the inner harbor all around the point , over to james bay and beyond .our room was comfortable - we got a large room with a kitchenette : very handy for prepping a couple light meals - and it had a view to the harbor .bed was comfortable .","rating":4.0},{"hotel_url":"Hotel_Review-g154960-d186876-Reviews-Delta_Hotels_by_Marriott_Saint_John-Saint_John_New_Brunswick.html","text_filtered_per_sentence":"i stayed at this hotel while in town on business and overall , it was a very nice stay .the location of the hotel is great - right in the middle of the historic downtown , easy walk from many restaurants and shops .the staff is very attentive and friendly .my room was comfortable - nice linens , attractive furniture , good work surfaces , and a view of the harbor .the gym is great - one of the best hotel gyms that i have used in awhile .the only reason for a 4 star rating instead of a 5 was the spotty wifi .i had to get some work done and because the wifi kept dropping off , i had trouble remaining connected to my company 's network .","rating":4.0},{"hotel_url":"Hotel_Review-g186273-d211134-Reviews-Blanch_House-Brighton_East_Sussex_England.html","text_filtered_per_sentence":"we stayed here for one night because my husband had a very early procedure at the royal sussex hospital which is easily walkable from blanch house .it is in a great location - if you do n't know brighton , kemptown is almost like a separate little village on the edge the main town , but sites like the pavilion and the laines are only about a 10 - 15 minute walk away .from blanch house it is two minutes to the beach , a few more minutes to the pier , but it is in a quiet road surrounded by a wonderful choice of restaurants , pubs and cafes .our room was small , but quiet and cosy and with everything you could need for a short stay .breakfast was very impressive , with a great choice including fresh fruit salad and pancakes .the owner is very friendly and welcoming , and there is a nice lounge and bar area .you can buy a handy parking permit from them and park for 24 hours in the surrounding streets .2 small negative comments - we never managed to get properly hot water from the shower , it was tepid at best even having run it for ages as suggested .","rating":5.0},{"hotel_url":"Hotel_Review-g186311-d635185-Reviews-The_Victoria_Hotel-Canterbury_Kent_England.html","text_filtered_per_sentence":"and i must admit i regretted the choice .the hotel is ok , the room and the food were quite averagebut i appreciated the former to be very quite with a comfortable bed .we had continental breakfastand it was also far from exceptional .my real problem however was the distance to the city center : that 20 minute - walk can be a burden on a rainy day and if you are not much of a walker !","rating":3.0},{"hotel_url":"Hotel_Review-g186338-d193129-Reviews-Danubius_Hotel_Regents_Park-London_England.html","text_filtered_per_sentence":"i had a nice stay at the danubius ' .my room was on the 7th floor ; it was not too spacious but very cozy and it offered good quality sleep !in addition , the inside temperature was ideal !in this case even the temperature was perfect .the service was nice , the breakfast average but with a view on the city .the location near regents park is ideal for any visit , leisure or business .","rating":4.0},{"hotel_url":"Hotel_Review-g186345-d1993599-Reviews-Raithwaite_Estate-Whitby_Scarborough_District_North_Yorkshire_England.html","text_filtered_per_sentence":"we were given a very warm greeting by staff and all through our staythe room itself was very well laid out and had a very comfortable bed and a lovely bathroom .the whole building is recently built so most things are in very good condition .we had a problem with the hotel safe when we arrived and that was fixed by a nice chatty handyman who also gave us ideas of restaurants and places to visit while in whitby .the next issue was that the room was strangely very warm .we asked to have some lighter bed linen and this was organised very efficiently while we were out at dinner .apparently there is some kind of heat sump they use -but it was n't very effective - so the handyman came back and turned on the gas hot water- so in about an hours time i went out again to the reception to ask and found this had been turned on and the water was hot .","rating":4.0},{"hotel_url":"Hotel_Review-g186525-d277078-Reviews-Pollock_Halls_Edinburgh_First-Edinburgh_Scotland.html","text_filtered_per_sentence":"while being basic , the room was quite well appointed , with storage space , a comfortable twin bed , a coffee tray , tv , complimentary internet and a window that could actually be opened .the bathroom was certainly small , but functional , and in fact just as good as those i have seen in many 3 star hotels .the large windows and nice views make these pantries very welcoming .on the campus is a restaurant , serving breakfast , lunch and dinner .","rating":4.0},{"hotel_url":"Hotel_Review-g186602-d263541-Reviews-The_Abbey_Hotel-Donegal_Town_County_Donegal.html","text_filtered_per_sentence":"the room was large and comfortable .the front desk staff were wonderful .both mornings was not and plentiful and the service was good and with a smile .the location on the diamond is perfect for seeing everything this lovely town had to offer .i fell in love with donegal the moment we drove in and hated to leave !","rating":5.0},{"hotel_url":"Hotel_Review-g187050-d563844-Reviews-International_Hotel_Telford-Telford_Shropshire_England.html","text_filtered_per_sentence":"the telford international hotel 's main purpose in life is to provide shelter for attendees of trade fairs and business events at the adjacent telford international center .it does this quite well : the rooms are appropriate for the busy trade fair attendee , who will most likely spend most of his time at the conference centre anyway .i got myself a nice corner room , with a window that could be put ajar , a comfortable bed , and a surprisingly large bathroom .the breakfast lady was charming and efficient .there 's also a bar , which i did use , but the bar at the holiday inn next door seems to attract all the audience .that brings us to the competition .","rating":3.0},{"hotel_url":"Hotel_Review-g187073-d207534-Reviews-Grand_Hotel_Bristol-Colmar_Haut_Rhin_Grand_Est.html","text_filtered_per_sentence":"fine hotel adjacent to the train station : friendly reception , clean and quiet room , an excellent restaurant on the premises , a decent price , and nothing at all to complain about .sure , it 's a 10-minute walk to the touristic heart of the old town , but it 's also nice to be able to leave all that behind in the evening .for rail travelers , at least , there is no reason to go anywhere else .","rating":5.0},{"hotel_url":"Hotel_Review-g187075-d2711798-Reviews-Hotel_Le_Bouclier_d_Or-Strasbourg_Bas_Rhin_Grand_Est.html","text_filtered_per_sentence":"we loved staying in a historic hotel in the old area with friendly staff and comfortable rooms .and we were grateful for the interesting and antique furnishings which guests are trusted to enjoy in their rooms and in the hotel generally .it is in a good area for seeing the old part of the town and in walking distance from the train station which is a helpful aspect .the bar is an atmospheric place for a pre dinner drink and the man looking after it was very attentive and helpful .but it was a good one and probably worth it at least for one morning in a stay .all in all it was a great experience and we look forward to coming back .","rating":5.0},{"hotel_url":"Hotel_Review-g187147-d222913-Reviews-Saint_James_Paris-Paris_Ile_de_France.html","text_filtered_per_sentence":"it really is a special occasion place .and they were good enough to upgrade us and our son and daughter in law who were there for the first time , to suites for the night ( without being asked ) .a memorable experience , very comfortable rooms , great surroundings and very friendly people working there .as another reviewer mentioned , we thought the breakfast was not as impressive as the rest of the experience ( and we did ask for a couple of things that never turned up ) .and we had a very good dinner at the restaurant which we will review separately .all in all , it is expensive , but for us it is a great and different experience and we enjoyed the attention from the people there -- and thank you again for the upgrades .","rating":5.0},{"hotel_url":"Hotel_Review-g187147-d230491-Reviews-Hotel_Residence_Henri_4-Paris_Ile_de_France.html","text_filtered_per_sentence":"we were lucky enough to visit paris again and stay at this great local small hotel .it was a very good location for exploring and a good parisian feel .the hotel was good enough to upgrade one of our group who had booked a less expensive room , and to give a gift to one of the party for her first time in paris for her birthday .all in all a comfortable place which we enjoyed again , particularly the extra room and small kitchenette which makes meals easier to cater particularly at the start when jet lag is still kicking in !","rating":5.0},{"hotel_url":"Hotel_Review-g187309-d239023-Reviews-Hotel_Uhland-Munich_Upper_Bavaria_Bavaria.html","text_filtered_per_sentence":"staff were rude and unhelpful in 95 % of our requests .there was one lovely young womanbut unfortunately , she was not always on reception .on the plus side , the room was spacious and relatively comfortable .it is a charming building but with old world charm comes the down side .it needs updating as the taps leakbreakfast was excellent with a good selection of food from cereals , bread , meats , cheese but no toast which was unusual .the breakfast lady was very sweet and dressed in traditional bavarian style .","rating":3.0},{"hotel_url":"Hotel_Review-g187309-d678870-Reviews-Hotel_Cocoon_Sendlinger_Tor-Munich_Upper_Bavaria_Bavaria.html","text_filtered_per_sentence":"the main reason for the hotel is the price : it offers exceedingly good value for money ( i paid 66 euro for a single excluding breakfast , which is great for a central munich location ) .the inner city is within easy walking distance , as are two underground stations and many tramlines .the room on the sixth floot was quiet enough , even facing a comparatively busy street .very good breakfast for the price .wlan was slow ; there was a lan cable in the room which i discovered too late .the room showed some signs of use , especially smudges on the wall , but was ok otherwise ( bed , blankets etc . ) .when there : friendly and effcient staff .","rating":4.0},{"hotel_url":"Hotel_Review-g187312-d1007112-Reviews-ACHAT_Plaza_Herzog_Am_Dom_Regensburg-Regensburg_Upper_Palatinate_Bavaria.html","text_filtered_per_sentence":"we stayed here two years ago and when our travels found ourselves again visiting this amazing town , it was our first choice to stay .the rooms are large , modern and comfortable .location is great , right across the street from the dom and an easy walk to the train station .the reception staff is very helpful and accommodating .definitely recommend this hotel and this town !","rating":5.0},{"hotel_url":"Hotel_Review-g187314-d202551-Reviews-Dom_Hotel-Augsburg_Swabia_Bavaria.html","text_filtered_per_sentence":"our room was rather small and had an adequate bathroom .however the room opened onto a balcony which was nice as we could leave the door open .it is opposite the church but quiet .breakfast was included which was mainly cold food .the staff are friendly and helped in finding a restaurant that was open that night .probably the location itself would be a recommendation .","rating":3.0},{"hotel_url":"Hotel_Review-g187321-d676487-Reviews-Hotel_Wurzburger_Hof-Wurzburg_Lower_Franconia_Franconia_Bavaria.html","text_filtered_per_sentence":"the hotel is comfortable and in walking distance from the station .we really liked its restoration and that the owners have clearly taken a lot of care to preserve ( or re create ) the past with the period features and the room where we had breakfast .it was a bit on the noisy side at night , as it was a little hotbut that was part of being in an interesting areaand we had a good overnight stay .","rating":5.0},{"hotel_url":"Hotel_Review-g187323-d1726496-Reviews-Hotel_Adelante_Berlin_Mitte-Berlin.html","text_filtered_per_sentence":"this is an attractive new hotel on a quiet side street in formerly east berlin .the location is just about ideal : far enough away from the noisy center , which remains within walking distance however - through a lively neighborhood with plenty of cafes and restaurants .my large , air - conditioned room faced the street , but with the windows closed remained quiet .i 'd happily return .","rating":5.0},{"hotel_url":"Hotel_Review-g187337-d1596081-Reviews-Hilton_Garden_Inn_Frankfurt_Airport-Frankfurt_Hesse.html","text_filtered_per_sentence":"it 's about 10 minutes walking distance from terminal 1 , and a bus ride from terminal 2 and then quite a long walk .we had a little trouble finding it from terminal 2 , and had to lug our bags up numerous escalators after getting off the shuttle bus .but it is very near the station , and very near terminal 1 , and definitely convenient .it is what you would expect from this chain , perfectly adequate for one night .it was very quiet , given it 's location , and we got a good night 's sleep .we ate in the restaurant which was fine .the only problem was that we had vouchers from the hilton garden inn chain and the staff could not make them work .the staff did not seem to know what to do about the fact that although the vouchers are valid they would not scan .so could not hang around , plus there were other people queuing to check out .","rating":4.0},{"hotel_url":"Hotel_Review-g187337-d1724166-Reviews-Park_Inn_by_Radisson_Frankfurt_Airport-Frankfurt_Hesse.html","text_filtered_per_sentence":"the staff was curt in my checking in .the room was clean and bare bones .the restaurant served us a good hamburger meal but expensive .they deal mostly with business people on expense accounts so feel they can get away with their high prices .we did n't opt for breakfast the next morning as they wanted 20 euro each and decided to eat at the airport next morning .typical airport hotel , not caring that much about their customers .","rating":3.0},{"hotel_url":"Hotel_Review-g187337-d199334-Reviews-Miramar_Hotel-Frankfurt_Hesse.html","text_filtered_per_sentence":"my wife and i stayed at the miramar for two nights .it has a great location , almost around the corner from the dom , romerburg ( historical market square ) , pauls platz , and the libefrauenstrasse pedestrian street .and it is only another block or so to the main river and its pedestrian parks along each embankment .the breakfasts at the hotel were basic and nothing really to look forward to .one of the attachments to one of the pair of doors to our shower staff was broken , and the drain cover has broken off .the bed was comfortable , but to get fresh air meant opening the window to street noise .the staff was a mixed bag , some friendly and helpful and some appearing to just be putting in time .and if there is a trade show in town , the room rate is significantly higher .","rating":3.0},{"hotel_url":"Hotel_Review-g187367-d234117-Reviews-Ibis_Aachen_Marschiertor-Aachen_North_Rhine_Westphalia.html","text_filtered_per_sentence":"i have to say the front desk is very much aware of the shortcomings and have heard complaints many times over - avoid ! ! !3 remarkable items are - 1 ) the bathrooms are the smallest , tinniest rooms i ever saw in the world - 1.5sqm contains a shower - water bassin - toilet seat - mirror - hangers - and did work .2 ) the ac is not there , its a \" ventilation \" , but , never worked .super stuffy - only choice was to open window - bad idea , noise - so only bad choices .3 ) the most cheaply built furniture , as far as you can call 1 chair ( no table ) \" furniture at all .","rating":1.0},{"hotel_url":"Hotel_Review-g187373-d228318-Reviews-NH_Dusseldorf_Konigsallee-Dusseldorf_North_Rhine_Westphalia.html","text_filtered_per_sentence":"the location is great , could not be better .so is the reception desk , super friendly employees who are really trying o make travellers feel home .great and thanks .spent a few thousand euros and bring in new doors , which keep the talk in the hall away and the traveller in a good sleep !","rating":4.0},{"hotel_url":"Hotel_Review-g187373-d289061-Reviews-IntercityHotel_Duesseldorf-Dusseldorf_North_Rhine_Westphalia.html","text_filtered_per_sentence":"our room was ok , reasonably comfortable , but missing things you come to expect in hotels now , such as a kettle and a safe .the plus points ?close 6 euro a day parking , a five minute walk from the station with a city transport ticket .the area has plenty of small cheap caf\u00e9s if you do n't want to spend 13 euros on the hotel breakfast .we 'd stay again .","rating":4.0},{"hotel_url":"Hotel_Review-g187382-d1432182-Reviews-H4_Hotel_Muenster-Muenster_North_Rhine_Westphalia.html","text_filtered_per_sentence":"we decided upon short notice to stay in the hotel and got a rather expensive quote .well , our fault .my only other complaint was , the hotel beds are rather small ,1.4 m - this is tough , but we paid full double price .a bit of a ripoff .otherwise , location is fab .","rating":3.0},{"hotel_url":"Hotel_Review-g187399-d942541-Reviews-IntercityHotel_Dresden-Dresden_Saxony.html","text_filtered_per_sentence":"the hotel looks almost new , and everything is as it should be - very clean .staff were good-we were traveling by motorcycle and they suggested leaving the bike in the pedestrian precinct behind the hotel .a bonus is the free travel card - we certainly got our moneys worth , using it to travel to the altstadt a couple of times a day , and then back from meissen after a paddle steamer trip .great value at 5 - 95 euros .the other morning we wandered over to the station and ate there .we had a great stay here , and we 'll definitely stay again when we return to dresden .","rating":5.0},{"hotel_url":"Hotel_Review-g187426-d202593-Reviews-Dorint_Am_Goethepark_Weimar-Weimar_Thuringia.html","text_filtered_per_sentence":"rather new and modern hotel .not very original building , but with spacious rooms and a great location close to goethe park .the bathroom had the usual flooding problems ( how hard can it be ? ) , but we had a nice stay all in all .","rating":4.0},{"hotel_url":"Hotel_Review-g187489-d267002-Reviews-Casona_de_la_Reyna-Toledo_Province_of_Toledo_Castile_La_Mancha.html","text_filtered_per_sentence":"this is a simpler , older hotel than the others i used on this trip around spain ; the bathroom was distinctly cramped ; air - conditioning seemed to produce only warm air( though it was n\u2019t needed that night ) , and the breakfast buffet was pretty simple .on the other hand , it was also less expensive than the others , so some comparisons would not be fair .i most appreciated its quiet location at the bottom of the old town , with front - facing rooms that overlook the tajo river .of course , that also means a 10-minute uphill walk to tourist sights and restaurants , so you wo n\u2019t be just ducking in and out of this hotel all that often .another advantage is the hotel 's own underground parking garage - not to be underestimated in a town where parking can be a challenge .so highly recommended for the economy - minded ; and i would n't hesitate to return there myself .","rating":4.0},{"hotel_url":"Hotel_Review-g187514-d232819-Reviews-Hotel_Preciados-Madrid.html","text_filtered_per_sentence":"we had stayed here previously when staying overnight in madrid and were happy to come back when doing the same thing again .the hotel is in a good location , near the main sights for a one day visit and also only a few ks from atocha where we were catching the train the next day .our room was very comfortable and a decent size , and the reception staff was friendly and efficient .another good stay and at a reasonable price .","rating":5.0},{"hotel_url":"Hotel_Review-g187813-d1406742-Reviews-Victoria_Hotel_Letterario-Trieste_Province_of_Trieste_Friuli_Venezia_Giulia.html","text_filtered_per_sentence":"when we arrived we had an efficient check - inbut then when we went to our room we were really impressed !the bed was good , there were real pillows , the heating was good , the bathroom was very adequate .the location of the hotel was very good and the breakfast was ok .we liked our stay very much ...","rating":4.0},{"hotel_url":"Hotel_Review-g187834-d1464937-Reviews-Hotel_Borgo_Le_Terrazze-Bellagio_Lake_Como_Lombardy.html","text_filtered_per_sentence":"location , location , location !that is the main reason for the \" very good \" rating of this property .clean rooms , friendly person at the front desk , ok breakfast .it 's an average inn rather than b&b as rated in the tripadvisor .","rating":4.0},{"hotel_url":"Hotel_Review-g187834-d557121-Reviews-Hotel_Il_Perlo_Panorama-Bellagio_Lake_Como_Lombardy.html","text_filtered_per_sentence":"we booked this hotel to be away from the hustle of bellagio on a sunday , not to mention available parking !we stayed in a separate building to the north of the hotel .our room was gigantic with a full - width balcony with table and chairs , a large futon sofa , a fridge and a tv ( which did n't work -but who cares ! )with the spectacular view of bellagio and the lake , who needs tv !the room was very quiet .since the hotel is located on a steep hill , there is some daytime noise of motorcycles and trucks climbing the hill .the bathroom was large , but rather dark and the shower could use some updating .we arrived early , so we took advantage of a lovely pizza while sitting on the outdoor terrace overlooking the lake .there is a nearby pergola which would be lovely for outdoor dining .the food was disappointing for dinner .i suspect that most people take the advantage of a taxi ride into downtown bellagio , where there are countless competing restaurants .we chose to avoid the ride and had dinner at the hotel .the food was ok , but not up to what we would expect of bellagio standards .the breakfast was marginal compared to the other 3-star italian hotels in which we stayed .","rating":4.0},{"hotel_url":"Hotel_Review-g187870-d194297-Reviews-Belmond_Hotel_Cipriani-Venice_Veneto.html","text_filtered_per_sentence":"we enjoyed a few days at this gem with all the friendly staff and great company .the site is very pretty and wewll kept up , the rooms might today be a bit smallish , but well equipped , with acfood is excellent , wwe enjoyed the breakfast in a relaxed atmosphere .will be back","rating":5.0},{"hotel_url":"Hotel_Review-g188095-d267318-Reviews-Continental_Parkhotel-Lugano_Canton_of_Ticino_Swiss_Alps.html","text_filtered_per_sentence":"the room was gigantic - in a way , too large for just two of us with a large tub and separate shower actually part of the room near the bed , and a sitting area plus a separate toilet \/ bidet \/ sink in another room- obviously trying to make good use of the space .the view is lovely of the lake and monte bre .while it is right above the railroad , the soundproofing in our room was excellent - we never heard the trains unless the window was open .air conditioning was excellent .the front desk personnel were very helpful .there is a lovely terrace for cocktails during good weather , and a swimming pool out back which we never saw - but saw many patrons coming and going there !getting to downtown lugano means walking a short distance to the rr station , and taking what turned out to be a free funicular to the main square of the city .waze gps took us on a circuitous route to get to the hotelbut i suspect that is an issue with the ap and not the location of the hotel .","rating":5.0},{"hotel_url":"Hotel_Review-g188590-d1071829-Reviews-Novotel_Amsterdam_City-Amsterdam_North_Holland_Province.html","text_filtered_per_sentence":"the novotel amsterdam city is conveniently located in amsterdam 's exhibition and business district rai ( and not in the city , as the name might suggest ) , within walking distance to the railway station rai , which connects to schiphol airport in 12 minutes .the hotel competes with the holiday inn , which is right next to it , and caters for the same clientele .a europcar rental agency is located within the hotel , making it also a good departure point for further trips .the hotel is a typical novotel , which is a better and business - oriented member of the accor hotel chain .the design is modern without being pretentious , with the comfort and convenience typical for this kind of hotel .i quite liked the functional bathroom with a large walk - in shower , the comfortable bedthe staff was efficient without being intrusive -they have a \" no bull ... t \" attitude which made me immediately comfortable .and of course , everybody speaks perfect english .the hotel has a great breakfast area , with one of the largest choices i ever saw .","rating":4.0},{"hotel_url":"Hotel_Review-g189158-d573327-Reviews-Hotel_Acores_Lisboa-Lisbon_Lisbon_District_Central_Portugal.html","text_filtered_per_sentence":"hotel acores is an ideal choice for anyone arriving by car : it 's relatively easy to reach ( given some advance planning ) and has its own free underground parking garage .in fact , you should probably drive directly to the garage , whose entrance is in the rear ( turn right just before reaching the hotel , then left ) .otherwise , i found a fine , mid - range , modern hotel with exceptionally friendly personnel and an ample breakfast included in the room price .to be sure , as others have noted , you are aware of airplanes landing at \/ taking off from lisbon \u2019s airport ; and if on a lower floor , you can also hear the metro running underneath .but things quiet down at night , and i slept undisturbed .and do n't underestimate the convenience of having a metro station right out front , just six stops from downtown lisbon .given the convenience of free parking and an adjacent metro station , i was prepared to settle for just an average hotel , but found hotel acores to be a good deal better than that ..","rating":4.0},{"hotel_url":"Hotel_Review-g190428-d253578-Reviews-Austria_Classic_Hotel_Wolfinger-Linz_Upper_Austria.html","text_filtered_per_sentence":"parking at an underground public garage was easy and it was a quick walk to the hotel .a small discount for your parking is available if you bring your parking ticket and pay at the hotel .the location is right off of the huge main square \/ plate .all inner linz attractions are within a short walk of the hotel .my room was in the main , old section and towards the back .it was quiet .decor in the room was a tasteful incorporation of antiques in a renovated design .there was nothing antique about the bathroom , it was a high - end , state - of - the - art design .desk staff were friendly and cheerfully put up with my rudimentary german language skills .all in all , a good value for the money ; i would stay here again without reservation .","rating":4.0},{"hotel_url":"Hotel_Review-g190441-d206593-Reviews-Austria_Trend_Hotel_Europa_Salzburg-Salzburg_Austrian_Alps.html","text_filtered_per_sentence":"hotels in salzburg are usually overpriced and seldom offer amenities in a sensible relation to the price you pay - that is my experience .the hotel europe directly at the main station is not cheap , but an ok option .the room was spacious enough ., beds ok , bath modern .ac and heating in good working order and not noisy .on the 12th floor spectacular views of the sunset over the city .did n't have any breakfast , which was overpriced , and the adjacent main station offers many options .","rating":4.0},{"hotel_url":"Hotel_Review-g190441-d237761-Reviews-Hotel_Stein-Salzburg_Austrian_Alps.html","text_filtered_per_sentence":"very good location on the salzach .spectacular view from the roof terrace of the old town of salzburg ( at night a bar , breakfast room in the morning )if you have ever played the computer game starship titanic by dougla adams , you will have an idea of the decor ( art deco gone a little wild ) .rooms on higher floors are less noisy ( mine did not have the spectacular view , but was on a side street ) , but have very low ceiling .strange layout of room and bathroom ( quite spacious ) .( no buffet , only a la carte , very strange imho for a hotel of that category ) ok , not great .","rating":4.0},{"hotel_url":"Hotel_Review-g190441-d237761-Reviews-Hotel_Stein-Salzburg_Austrian_Alps.html","text_filtered_per_sentence":"the location is absolutely central , with marvelous views if you face the river and the old town .the rooms are smallish , the windows abolutely soundproof , good ac (the room was narrow , but very long , small desk , two easy chairs , spacious bathroom fitted in the room , very well appointed .the roof - top bar also refurbished , nice , of you can get a seat outside ( not much to see from the inside at night due to reflections ) .cocktails expensive , good descriptions and but rather bland .caf\u00e9 bazar is just a few steps away and stylish option .i do n't understand why they do n't serve drinks in the spacious and beautiful lobby ( also since the roof - top bar seems usually crowded ) .and while in the rooms the toiletries provided tie in with the category ( and price ! ) of the establishment , it is rather disappointing that coffee-","rating":3.0},{"hotel_url":"Hotel_Review-g190454-d1146177-Reviews-Steigenberger_Hotel_Herrenhof_Wien-Vienna.html","text_filtered_per_sentence":"the location is simply perfect : in the heart of the 1st district , one step away from the ' herrengasse ' tube station !i stayed here for a corporate event and the whole staff ( reception , restaurant and event management ) proved to be professional and well - mannered ; my room was spacious and clean but more importantly quite despite the very central location .the food served for breakfast and lunch was good .one downside : the lobby is quite small and not ideal for conversation .an additional space \/ lounge room would make a big difference .","rating":4.0},{"hotel_url":"Hotel_Review-g190454-d2062229-Reviews-25hours_Hotel_at_MuseumsQuartier-Vienna.html","text_filtered_per_sentence":"hi here is what i did not like 1 ) smallish rooms with small bath rooms , must be an old conversion ...2 ) breakfast for 21 euro 3 ) very noisy air conditioning besides , its as funky as its reputation andthe top floor is quite nice to sit and watch the sun ( and others ) go down ...","rating":4.0},{"hotel_url":"Hotel_Review-g190454-d231985-Reviews-K_K_Hotel_Maria_Theresia-Vienna.html","text_filtered_per_sentence":"it 's not the luxury , but the feeling of clean and comfortable rooms and the friendly staff that make me give this hotel the top note .the building itself is n't espescially fancy either : the interiors point to the early 90es , and the floor carpets are a bit dated , but that does n't matter , because everything is on place , everything is functional and convenient , and the breakfast is fantastic !our room was spacious and clean with a nice view of the rooftops of vienna .the location is very nice , in a quiet street on spielberg , two minutes by foot to the museums quartier with some of viennas best museums .the only flaw is the slow wifi .","rating":5.0},{"hotel_url":"Hotel_Review-g191261-d215293-Reviews-Park_Inn_by_Radisson_Hotel_Conference_Centre_London_Heathrow-West_Drayton_Greater_Londo.html","text_filtered_per_sentence":"we were going to drive up and fly on the same day but found such a good rate at the last minute we stayed over .our room was clean , and in pretty good condition .the bed was comfortable and the aircon was quiet .lots of choices and all freshly cooked .it was raining when we went for food and the restaurant was rammed , so we walked over the road to the three magpies- reasonable food and pretty cheap for heathrow .","rating":4.0},{"hotel_url":"Hotel_Review-g198399-d2350287-Reviews-Hotel_Alte_Muenze-Goslar_Lower_Saxony.html","text_filtered_per_sentence":"the bedroom was large and a very comfortable bed .nice modern bathroom with a good shower .breakfast was good and plenty to choose from .we arrived by train and caught a taxi as it was preferable to trying to find it ourselves and saved pulling suitcases over cobblestones .it is a wonderful town with some very odd shaped buildings . would definitely recommend staying here .","rating":5.0},{"hotel_url":"Hotel_Review-g227906-d8147236-Reviews-Novotel_Amsterdam_Schiphol_Airport-Hoofddorp_Haarlemmermeer_North_Holland_Province.html","text_filtered_per_sentence":"the best , richest , most various hotel breakfast i have ever had ( andeven mere white yogurt tasted particularly good ! as for the rest , quite ( good ) standard for a 4 * hotel .its proximity to hoofdorp railway station allows easy travel to amsterdam and schiphol airport .","rating":4.0},{"hotel_url":"Hotel_Review-g255060-d256595-Reviews-Swissotel_Sydney-Sydney_New_South_Wales.html","text_filtered_per_sentence":"my partner and i stayed on friday night as we were attending a show in the city .it was a corner room which gave us a view east and south .the room was a very good size and the bathroom was large .the bed was very comfortable .would definitely recommend and would stay here again when next in sydney .","rating":5.0},{"hotel_url":"Hotel_Review-g255060-d257281-Reviews-Rydges_World_Square_Sydney_Hotel-Sydney_New_South_Wales.html","text_filtered_per_sentence":"the room is modern and well presented .the hotel was in a convenient place to find excellent places to eat (particularly din tai fung - a taiwanese dumpling house which is just next door ) and close to the shopping and business district if you sign up to the rydges program you get free internet access .the hotel also hosted a business meeting for us which ran smoothly .","rating":4.0},{"hotel_url":"Hotel_Review-g255060-d257310-Reviews-Vibe_Hotel_Rushcutters_Bay_Sydney-Sydney_New_South_Wales.html","text_filtered_per_sentence":"we booked a suite which was perfect , it was spacious , clean and well appointed .the bedroom and bathroom ( huge shower ) was very comfortable .my gripe is that it was on the main road and it was noisy .i brought my trusty earplugs which helped enormously but it would have been nice to have a different outlook , other than a busy road .otherwise the staff were delightful and its generally in a good central position .","rating":4.0},{"hotel_url":"Hotel_Review-g255061-d969579-Reviews-The_Lawson_Riverside_Suites-Wagga_Wagga_New_South_Wales.html","text_filtered_per_sentence":"the lawson has it all , a full size fridge , large room with a large bathroom .great layout , attention to detail makes it as comfortable as home .the staff were friendly , helpful and just plain nice .if you are working in wagga , this is the place for you , if you are visiting for other reason - same same .pretty location out the back with a river walk and its not too far to walk to the main street .just perfect and its set the bar very high for all future travel .loved the lawson .","rating":5.0},{"hotel_url":"Hotel_Review-g255073-d255393-Reviews-Hotel_Grand_Chancellor_Townsville-Townsville_Queensland.html","text_filtered_per_sentence":"the first time was when it was the holiday inn .it is centrally located to restaurants in flinders street and palmer street .palmer street has the best restaurants .breakfast was included and was ok .the view from the room is great and there are four lifts which arrive quickly .the better rooms are the executive rooms with a balcony . would recommend .","rating":4.0},{"hotel_url":"Hotel_Review-g255100-d460130-Reviews-Quest_on_Dorcas-Melbourne_Victoria.html","text_filtered_per_sentence":"if you want to be central in melbourne without spending a fortune this is the place - location .10 mins walk to southbank andthe casino , right by the botanical gardens , a few minutes from the south melbourne market ( a must ! )so well appointed - staff can not be more helpful - supermarket a minutes walk away - love the little cafe\/ bar next door .a great \u2018 locals \u2019 place - walking distance to the mcg\/ tennis\/ aami etc value for money","rating":5.0},{"hotel_url":"Hotel_Review-g255106-d1229528-Reviews-Waldorf_Stadium_Apartments_Hotel-Auckland_Central_North_Island.html","text_filtered_per_sentence":"nicely equipped , spacious and clean .the building is n't brand new , and the bathroom could be fancier , but overall a great place to stay .7 - 8 minutes walk to the queen street area .","rating":5.0},{"hotel_url":"Hotel_Review-g274707-d276676-Reviews-Hotel_Pod_Vezi-Prague_Bohemia.html","text_filtered_per_sentence":"thank you tripadvisor for pointing us in the direction of hotel pod vezi .we have just spent four days in this wonderful place and ca n\u2019t recommend the hotel or their staff enough .right from our arrival we were taken care of : good information , attentive service , and superb hospitality .what a delight !the location surely ca n\u2019t be beaten ( 20 seconds to charles bridge ) , the restaurant is excellent , the breakfast was wonderful , the room was great .we also ate at their creperie across the road which was also good .nor does it do their staff justice - particularly one , a lovely young man of italian background who was absolutely fabulous during our stay .we left early to catch a train and left with a little package of food which he \u2019d organised for uswarm , friendly , attentive service .thank you hotel pod vezi .","rating":5.0},{"hotel_url":"Hotel_Review-g274847-d6664499-Reviews-PURO_Poznan_Stare_Miasto-Poznan_Greater_Poland_Province_Central_Poland.html","text_filtered_per_sentence":"great place to stay and price wise totally acceptable .nice place , good location , maybe a few issues w the garage ( no one uses it , as much too expensive and difficult to navigate ) .maybe rooms a it small but smart layout of hotel and all the rooms plus free coffee downstairs was pretty well received .","rating":5.0},{"hotel_url":"Hotel_Review-g274873-d290747-Reviews-City_Hotel_Ljubljana-Ljubljana_Upper_Carniola_Region.html","text_filtered_per_sentence":"by booking through an agency i got a lower price ( $ 98 . ) than my friend , who booked directly , but it still represented only average value , for i received a room in the older section that was compact and pretty basic , with a large old - fashioned bath tub and noisy , but not very effective air - conditioning .there 's an additional charge of 18 euro for parking in the hotel 's underground garage - the entrance to which is on the hotel 's north side : to get there , drive east on the one - way street past the hotel entrance , then take two lefts .otherwise , personnel were friendly , breakfast was fine , and the location , just a short stroll from the heart of old town , ideal .","rating":3.0},{"hotel_url":"Hotel_Review-g274887-d284821-Reviews-Danubius_Hotel_Gellert-Budapest_Central_Hungary.html","text_filtered_per_sentence":"we \u2019 ve just spent four nights in this hotel and found the whole experience a letdown .the check - in experience was ordinary , unfriendly and uninformative .the room itself was soo old( i was under the impression we were booked into a \u201c renovated room \u201d but they must have meant from the 1950s ! ) and not particularly clean .it did have a view across the danube though so that was nice .the heating barely kept us warm which is when we discovered the windows and doorscould barely shut and there was glass missing from the door , with a cardboard cutout stuck there with sticky tape .it snowed for several days so you can imagine the cool rush we got from that ! !the breakfast service was awful .we could n\u2019t get a table for the first few days and had to sit a fair way away .then when we did get one , staff told us to move on when we had finished eating - even though we were still having our coffee .the hot food was cold and unappealing .the cleaning service was bad - sometimes we came back to the bathroom is a worse state thatwhen we left it .that said one of the cleaning staff was very helpful but we only saw her the once .we ate twice in the bistro and service and food","rating":3.0},{"hotel_url":"Hotel_Review-g274958-d620162-Reviews-Hotel_Telegraaf-Tallinn_Harju_County.html","text_filtered_per_sentence":"the allocation is not efficient , allocate 2p to 4p table , why ?also lots of tables were left used even after folks had left , hereby shortening capacity .needs a better on the ground operation , can be fixed easily .- reception + just one working in top busy hours , picking up phone and helping guests , just toov few .service was good , though , great friendly atmosphere .but operationally \" stretched \"","rating":4.0},{"hotel_url":"Hotel_Review-g293734-d1873436-Reviews-Riad_Kheirredine-Marrakech_Marrakech_Tensift_El_Haouz_Region.html","text_filtered_per_sentence":"i thoroughly enjoyed my visit to marrakech and my stay at the riad kheirredine added immeasurably to it .the management of the riad arranged our airport transfers which really reduced our stress on arrival .upon reaching the gate into the city walls , we were met by an employee who escorted us into the labyrinthine streets and alley ways that are an inherent part of marrakech \u2019s charm .the riad is a multi - level structure surrounding two courtyards .a terrace on top gives views out over the city to the atlas mountains in the distance .everything within the riad is spic and span with a calm decorating scheme throughout .at the riad , i took advantage of the opportunity for a massage and was impressed by the quality of the masseuse .to help guests who are wandering around the city , every guest is provided with a cell phone with a list of support numbers and a promise to come retrieve you if you \u2019re lost .","rating":5.0},{"hotel_url":"Hotel_Review-g293982-d3853336-Reviews-Bay_Club_Haifa_Hotel_an_Atlas_Boutique_Hotel-Haifa_Haifa_District.html","text_filtered_per_sentence":"it used to be the very best hotel in haifa .just four years ago i stayed here and enjoyed brand new everything ( hotel was opened in 2013 ) , excellent tasty breakfast : freshly squeezed orange juice , homemade food , good breads and pastry .was grossly neglected ( images show it ) and budgets were cut .to be fair , i 'll still rate it \" average \" , but compared to what it was in september of 2014 it is bad , really bad .","rating":3.0},{"hotel_url":"Hotel_Review-g294074-d2298572-Reviews-Best_Western_Plus_93_Park_Hotel-Bogota.html","text_filtered_per_sentence":"the hotel seems very well looked after , and everywhere was sparkling clean .our room , a suite with a terrace , was very comfortable with a large flat screen tv which had many english language programs , and loads of sports channels-the breakfast was very good , and changed every day- great coffee as well , and there were a couple of flasks of coffee and fruit tea available throughout the day .the area around the hotel seemed very safe with many restaurants and bars , especially on the borders of parque 93 .the best thing about the hotel were the staff - i had severe breathing problems on our first night and had to call the paramedics - fernando the night manager , organised everything , and then stayed and translated while the doctor attended to me .the next day we were walked to the pharmacy by alejandrowe could n't have managed without them , and the other reception staff whose names i ' ve forgotten .","rating":5.0},{"hotel_url":"Hotel_Review-g294074-d455405-Reviews-Hotel_de_la_Opera-Bogota.html","text_filtered_per_sentence":"we really felt home and while the one or the other recommendation was not that successful , the desk tried hard to deliver .we also enjoyed the daily breakfast in the inner courtyard , nice place , breaths historyand you are right in the middle of town .","rating":5.0},{"hotel_url":"Hotel_Review-g294197-d4412263-Reviews-Fraser_Place_Namdaemun_Seoul-Seoul.html","text_filtered_per_sentence":"some others mentioned a lack of english languagebut i can tell you its sufficient for hospitaliy andone lady at the desk went through hoops to get us a dinner apointment , so no lack of enthusiasm .not much else to say , loc is fab but rooms are average , price is very ok , though","rating":3.0},{"hotel_url":"Hotel_Review-g294265-d11717216-Reviews-InterContinental_Singapore_Robertson_Quay-Singapore.html","text_filtered_per_sentence":"they got to know us quickly , were very attentive to one of our group who is gluten free and worked over the time we spent there to come up with some ideas for her .the room was comfortable and we slept well .another floor with a couple of restaurants on it is pretty basic unless you are in the restaurants themselvesso we had a good time there and were well looked after .","rating":4.0},{"hotel_url":"Hotel_Review-g295370-d632113-Reviews-B_B_Kastel_1700-Split_Split_Dalmatia_County_Dalmatia.html","text_filtered_per_sentence":"we very much enjoyed it in the old town and so staying here was a good part of that at a good price .the rooms were comfortable , and we had a great view over the water .the people at the front desk were friendly and helpful and offered to move a couple from our group if they were concerned about stairs .but that goes with the territory of where we were stayingand it was well worth it .we would definitely come back .","rating":5.0},{"hotel_url":"Hotel_Review-g295374-d602019-Reviews-Mediteran-Zadar_Zadar_County_Dalmatia.html","text_filtered_per_sentence":"we liked everything about this small hotel .to be sure , it 's located on a ring road in a western suburb , so you 'll need a car to get to \/ from the town center .but in return you get a lovely hotel with exceptionally friendly staff that 's easy to drive to ( with free parking ) ; and a lovely , quiet room with a balcony and an inviting swimming poolout back - all at a very reasonable price( which i forget , but it was in the 70 euro range ) ; simple but adequate breakfast included .","rating":5.0},{"hotel_url":"Hotel_Review-g295385-d2692237-Reviews-Hotel_Sirius-Pristina.html","text_filtered_per_sentence":"... global business hotel style , like an ok 3 or 4* in central europe its quite central and on one of the busy ystreets but moise - wisethe rooms are quite well insulated .we got a quick lift to the airport within 35 minutes on a busy morning .","rating":3.0},{"hotel_url":"Hotel_Review-g295415-d2044185-Reviews-Villa_Nagara-Luang_Prabang_Luang_Prabang_Province.html","text_filtered_per_sentence":"villa nagara is a lovely place to stay and chill .not a suite in european terms , but a large bedroom with a small entrance hall with a couple of chairs and a table - and a fridge with a couple of free beers a day , which were very acceptable sitting on the balcony at the end of the day and watching the street life and the kids playing on the river .our room was lovely with hardwood floors and a big comfortable bed , and a tv that had several english news and sports channels .breakfast was basic but ok - we had the american breakfast every morning which had bacon and eggs and a lovely fresh warm baguette .staff were lovely speaking reasonable english and were very helpful .our only complaint was the road outside could get noisy early in the morning , but after a couple of days we did n't notice it .","rating":5.0},{"hotel_url":"Hotel_Review-g297463-d1415126-Reviews-BuddhaZen_Hotel-Chengdu_Sichuan.html","text_filtered_per_sentence":"we stayed here three times in all whilst wandering around china .it is set in an old part of town around the wenshou temple which has not been turned into a touristy shopping street like the area around the wuhou temple .this area is largely visited by chinese tourists but not huge crowds or tour groupsso although there are some shops they are very low key and very local .there is a street with colourful tibetan ladies selling jewellery off stalls .the hotel is set in a beautiful old house , which has been renovated but not spoilt .everything was provided in the rooms , ( though a few more hooks on the wall would be nice ! )both rooms were very cosy and comfortable - the huge suite was above the inner courtyard , whereas the standard room had a balcony overlooking the old street .we were plenty warm enough using the air con unit , and the quilt on the bed kept us warm at night .most nights we ate at the vegetarian restaurant in the wenshou temple- go to the one on the first floor ( 2 in chinese terms ) rather than the buffet on the ground floor which is a bit baffling .","rating":5.0},{"hotel_url":"Hotel_Review-g298044-d613170-Reviews-Lake_Victoria_Hotel-Entebbe_Central_Region.html","text_filtered_per_sentence":"the lake victoria hotel provided on me nice accommodations for a week - long stay .on the positive : the pool was in excellent repair with very well landscaped grounds ; my room was thoroughly cleaned ; the breakfast was of a very high standard with a very good range of breads , pastry - like breads , hot and savory buffet foods , made - to - order omelets , and fresh fruits ; a welcoming attitude from all personnel who i encountered , especially the older bell captain ; efficient airport shuttle ; and i felt safe with extensive security .another positive is that the gift shop in the hotel actually has local items of a higher quality than you will find in the local markets from an artistic standpoint and workmanship perspective ; the sales ladies were very courteous .separately , i found the hotel restaurant on the terrace to be enjoyable .","rating":3.0},{"hotel_url":"Hotel_Review-g298089-d588050-Reviews-Islands_of_Siankaba-Livingstone_Southern_Province.html","text_filtered_per_sentence":"the service was incredible , the staff tried to procure any wish we had and offered an option how to spent time at the place .we enjoyed this high attention and service level and felt truly spoiltthis is a 7 room lodge with more than 30 employees , its different to the upmarket global product lodges and includes a village walk and an own nature wlak with their own explanation book .","rating":5.0},{"hotel_url":"Hotel_Review-g32201-d571413-Reviews-Courtyard_Chico-Chico_California.html","text_filtered_per_sentence":"my husband and i needed to stay overnight in chico , and this hotel was perfect .it is exactly what i expect from a courtyard - clean , comfortable , well - maintained , good customer service , reasonable rates .the location is convenient to the highway and not terribly far from downtown .there is also a shopping center near byand it is pretty close to sierra nevada brewing .we arrived in chico earlier than expected and were even able to check in a few hours early , which was very nice .i really appreciated the flexibility of the hotel staff .","rating":5.0},{"hotel_url":"Hotel_Review-g32737-d248364-Reviews-Colton_Inn-Monterey_Monterey_County_California.html","text_filtered_per_sentence":"overall , our stay at this hotel was good .the location is on a quiet street on the edge of downtown - easy walking distance to things , but not in the middle of everything .the room was clean and pretty comfortable , if somewhat dated .everything was in good repair though .this is a mid - range motel , not a luxury property , so everything was as expected .the main drawback of our stay was that our room was directly over the parking area and there was a motorcycle event in town , so there were a lot of motorcycles parked directly below our room .this meant that it was very loud whenever anyone on a motorcycle came or went .next time i would request a room facing the back of the property , not the street and parking area .","rating":4.0},{"hotel_url":"Hotel_Review-g3323314-d256564-Reviews-Ibis_Sydney_Olympic_Park-Sydney_Olympic_Park_Auburn_Greater_Sydney_New_South_Wales.html","text_filtered_per_sentence":"booked to stay after the paul maccartney concert .three minute walk to the venue good sized roomimmaculately clean good staffno waiting to check in on site parking good bar area . does tend to shut early but can understand with so many people in the area looking for a late drink !","rating":4.0},{"hotel_url":"Hotel_Review-g35889-d90876-Reviews-Courtyard_by_Marriott_Chicago_O_Hare-Des_Plaines_Illinois.html","text_filtered_per_sentence":"this hotel was ok - did the job for the night before a flight out of ord .it is well - located , has a restaurant on - site , the airport shuttle is convenient , and the people are great .it is an older property and could probably use some refurbishing , but everything was clean and well - cared for .the hallways were long and had several turns , so the walk to the rooms can be long and kind of isolated .that did n't feel very comfortable or secure .if i stayed in this hotel again , i would request a room close to the elevator .the location next to the freeway is pretty loud - my room faced the freeway , but with the ac unit fan running , it was n't bad .they do provide ear plugs in the room .","rating":3.0},{"hotel_url":"Hotel_Review-g36455-d90839-Reviews-Courtyard_Bloomington_Normal-Normal_Bloomington_Normal_Illinois.html","text_filtered_per_sentence":"i am giving this hotel a rating of 4 because of the people , who are great .everybody that i interacted with at this hotel was amazing .the bistro is also really good with excellent service - i stayed 2 nights and because of a late arrival and bad weather , i ended up eating dinner at the hotel both nights and breakfast both mornings .the lobby and bistro are fine , but the rest of the hotel is showing some age .the place just needs some tlc .","rating":4.0},{"hotel_url":"Hotel_Review-g39187-d92672-Reviews-Boone_Tavern_Hotel-Berea_Kentucky.html","text_filtered_per_sentence":"my husband and i stayed for one night on our way to gatlinburg .this hotel is gorgeous and the service is excellent .we arrived too late for dinner but enjoyed a delicious breakfast the next morning .berea is a lovely college town and this hotel is the perfect place to stay !","rating":5.0},{"hotel_url":"Hotel_Review-g488154-d301990-Reviews-Daniel_Dead_Sea_Hotel-Ein_Bokek_Dead_Sea_Region.html","text_filtered_per_sentence":"old and badly maintained hotel .breakfast buffet was very ... strange : russian speaking tourists created long lines ; hence delays , by \" loading \" huge amounts of food first on their plates and then packing most of that food into backpacks , etc .our room was n't clean .i do n't understand why this property is on top of the list , probably ein bokek areadoes n't have anything better .anyway , this hotel was worst experience during the trip .","rating":2.0},{"hotel_url":"Hotel_Review-g49297-d94567-Reviews-Switzerland_Inn-Little_Switzerland_North_Carolina.html","text_filtered_per_sentence":"simply a homely chalet style run by such a lovely familywe stayed in heidi 2 which has views forever and is quietly placed near enough to the park area and the restaurant we loved sitting watching the sunset in front of a unique fire basket arrangement .the food was excellent , the pub such a fun area with its own bar menu and occasional live entertainment .well done amanda and jennifer - you rock !quiet , so well positioned just by the blue ridge parkway , immaculately clean , welcoming , great staffca n't speak more highly of switzerland in .well done team ....","rating":5.0},{"hotel_url":"Hotel_Review-g504154-d6945299-Reviews-Premier_Inn_Leek_Town_Centre_Hotel-Leek_Staffordshire_England.html","text_filtered_per_sentence":"we got on the road late leaving manchester and then hit traffic .although leek should be only an hour or so south of manchester , we were lucky to be checked in by dusk .this hotel is really exactly what you hope for when you 're tired and just want easy & comfortable , good rooms , good bedding , in short: an excellent value .once we had our stuff in the room , it was so nice to be able to explore the town of leek from this hotel - and it 's a really lovely town !if you are meandering through this area , one pleasure of stopping here is that you 're in a great place to stroll around even after dark .i would happily stay there again when in the area !","rating":4.0},{"hotel_url":"Hotel_Review-g504331-d1523491-Reviews-Castaway_Holiday_Apartments-Strahan_Tasmania.html","text_filtered_per_sentence":"we recently stayed here for 2 nights and found the 2 bedroom apartment very roomy .the unit was very clean andthe continental breakfast supplied was excellent which was supplied each night .the bed was very comfortable .it is walkable to the esplanade if you want to walk but only a couple of minutes by car .would definitely recommend castaway apartments .only telstra mobiles work in the area .","rating":4.0},{"hotel_url":"Hotel_Review-g54946-d223933-Reviews-Courtyard_Chattanooga_Downtown-Chattanooga_Tennessee.html","text_filtered_per_sentence":"overall , this is a very good hotel and the location is convenient to businesses and restaurantsit 's also convenient to the highway .the rooms are comfortable , the common areas are nice , and the employees are friendly and helpful .when i checked out , there was an error on my bill that i had n't noticed - the man at the front desk noticed it and fixed the error right away .","rating":4.0},{"hotel_url":"Hotel_Review-g552009-d11668074-Reviews-Premier_Inn_Monmouth_Hotel-Monmouth_Monmouthshire_South_Wales_Wales.html","text_filtered_per_sentence":"clean , cheap if you book 10 days in advance and comfortable .only a 15 minute walk to the top of the town with many choices for breakfast and evening meals .a very good base for exploring he local area , with ross on wye , hay on wye and brecon a short drive away .","rating":4.0},{"hotel_url":"Hotel_Review-g580128-d219118-Reviews-Hotel_l_Esplanade-Domme_Dordogne_Nouvelle_Aquitaine.html","text_filtered_per_sentence":"we booked this hotel for its location and the views from rooms facing that way , and from the outside tables on the side of the hotel in the afternoon , were spectacular .otherwise it was ok .the room was small and , as others have said , reasonably basic .we drove there and had been told there was parking outside the hotel .when we arrived , those spaces were full and when we asked where we could park the car were met with a shrug .it was n't the easiest to find where we were allowed to park nearby and were fortunate later when one ( only ) place became free outside the hotel .our time at the restaurant also was mixed , so it was okbut perhaps not as much as we had hoped in such a great spot .","rating":3.0},{"hotel_url":"Hotel_Review-g58019-d288623-Reviews-Holiday_Inn_Express_Suites_Newport_News-Newport_News_Virginia.html","text_filtered_per_sentence":"nice facility , friendly staff , better - than - adequate breakfast buffet , comfortable king bed , and a location convenient to the mariners museum . would stay there again .one major complaint - half of the street lights illuminating the parking lot surrounding this holiday inn were not working ; they would just flash every so ofter .we reported this to a staff member who told us that the manager had been aware of this since december , but had declined to rent the special equipment to fix the lights .this is unsatisfactory .the other thing to be aware of is this hotel is undergoing renovation , one floor at a time .we had one of the older rooms which was fine .but the renovation - which did not disturb us - will result in even more improvements to the property .","rating":4.0},{"hotel_url":"Hotel_Review-g580190-d282787-Reviews-Hotel_Restaurant_Altkolnischer_Hof-Bacharach_Rhineland_Palatinate.html","text_filtered_per_sentence":"it was great ! very spacious , clean , comfy bed , small kitchen with all extras , living room , dining room .breakfast was nice & worth the extracute little garden outside the apartment too .reception staff very friendly & helpful .","rating":5.0},{"hotel_url":"Hotel_Review-g580190-d603097-Reviews-Hotel_am_Markt-Bacharach_Rhineland_Palatinate.html","text_filtered_per_sentence":"we had such a great stay at the hotel am markt a few years ago , that we decided to stay one more time when a new journey found us on that area of the rhine again .we asked for , and received , the only room with a balcony , on the top floor with an amazing view of the town .the room was small but comfortable .great breakfast , clean , and a nice , welcoming staff to greet you and take care of your needs .bacharach is in a good location for taking the boat to neighboring towns on the rhine .it 's also a nice town to walk around .definitely recommend this quaint , picturesque town and this lovely hotel !","rating":5.0},{"hotel_url":"Hotel_Review-g580278-d310109-Reviews-Parador_de_Ubeda-Ubeda_Province_of_Jaen_Andalucia.html","text_filtered_per_sentence":"a nice place to stay but looking a bit tired .while it was a nice place , it is all looking pretty tired and in need of some tlc .the location was good .there is no close by parking - it took me about 30 minutes to find a park .no one offered to help with my bags after i arrived at the hotel and had to go and park the car .i had to ask for help - there are also quite a few steps you need to lug your bags up .the beds were fairly hard and creaky .the internet was terrible .the bath was nice .meals were ok but nothing great .the breakfast selection was less than in other paradors ( no yoghurt for example ) .the air conditioning was not able to be turned off and lights up the whole room at night .the housekeeping staff and waiters were friendly .we got messages about the semana santa parades in advance of our arrival .the notice did n't say what times the parades were being held .as it turned out , the parades were held at nightso it was no problem for parking - and the parade was quite interesting .overall i would say it is a nice town to visitbut this parador needs some upgrading .","rating":3.0},{"hotel_url":"Hotel_Review-g580447-d656279-Reviews-Neddies_Harbour_Inn-Norris_Point_Gros_Morne_National_Park_Newfoundland_Newfoundland_and.html","text_filtered_per_sentence":"a fine modern inn ( ca n't be more than 10 years old ) with bright and spacious public spaces , and great views of water or mountains in almost all directions ; the spotlessly clean and quiet room came with an excellent bed and a dvd player ( there are lots of books and dvds available for use ) ; location is somewhat remote , but there is a restaurant on premises ( and signs make it easy to find ) ; an above - average breakfast is included in the ( above - average ) price - definitely want to return ..","rating":5.0},{"hotel_url":"Hotel_Review-g60713-d81416-Reviews-Hotel_Majestic-San_Francisco_California.html","text_filtered_per_sentence":"the room was small , a huge bed , a not very comfortable easy chair , two nightstands .no desk ( which i would have needed ) , no second chair ( i was alone , so no big deal ) .no a \/ c , and that in a heat wave , and the ventilator they brought in was noisy and ineffectual .breakfast overpriced when on offer ( closed sundays and mondays ) .the hotel itself is old , quaint , but also dated and faded .the staff not really unfriendly , but also not very friendly and not going out of their way to make things nice for guests .the neighborhood is great , japantown , which is close by , very nice for eating .everything can be reached easily either by bus or even by cable car ( the california line is quite near - and no waiting lines there ... ) .would look for another hotel in the neighborhood .","rating":3.0},{"hotel_url":"Hotel_Review-g60763-d118718-Reviews-The_Townhouse_Inn_of_Chelsea-New_York_City_New_York.html","text_filtered_per_sentence":"lots of positives about the townhouse inn .the rooms were definitely bigger than typical nyc hotel rooms , and we heard very little street noise .since this is an old townhouse it has a lot of charm to it -- think of \" shabby chic \" furnishings and some interesting nooks and crannies .we had everything we needed for breakfast and the breakfast room itself was nicely furnished and relaxing to hang out in .the honor bar stocked a lot of items that were shockingly inexpensive .there were n't any real downsides other than while the sheets were clean the bedskirt was visibly dirty -- the staff might want to change those more often .there is n't really a \" front desk \" with visible staffso you 'll want to plan to call or text the innkeeper if you need something .a very nice alternative to a regular hotel in a great central manhattan location .","rating":4.0},{"hotel_url":"Hotel_Review-g60971-d1484941-Reviews-Courtyard_Flagstaff-Flagstaff_Arizona.html","text_filtered_per_sentence":"a friend and i stayed at the courtyard marriott both on our way to , and coming from a rafting trip thru the grand canyon .the rooms were clean , the location was ok , and the staff was friendly .with the internet rates in the $ 200 + range , we could be thankful that we booked the room thru our rafting outfitter , grand canyon whitewater , and were given a preferential rate .this is a good generic hotel .","rating":4.0},{"hotel_url":"Hotel_Review-g61000-d119543-Reviews-The_Majestic_Yosemite_Hotel-Yosemite_National_Park_California.html","text_filtered_per_sentence":"this is a lovely , classic hotel in a fantastic setting !it is truly a grand lodging with professional and friendly staff .it is expensive , but it is worth treating yourself .the main dining room is a grand room ; the food and service is very good , but the room is the main feature here .","rating":5.0},{"hotel_url":"Hotel_Review-g616211-d618475-Reviews-Balestrand_Hotel-Balestrand_Sogn_og_Fjordane_Western_Norway.html","text_filtered_per_sentence":"we had a very comfortable room and although we did n't have a fjord view , it did n't matter because the guest lounge overlooks the fjord andunni - marie and eric were engaging , helpful and really made us feel at home .they helped us map out an alternative route to flam as well as from balestrand to geiranger .both journeys were highlights which we would otherwise not have done .the hotel is a very short walk from the centre where you can dine out or browse .breakfast was hearty andwe can not find fault and can highly recommend others stay here .","rating":5.0},{"hotel_url":"Hotel_Review-g7907378-d311429-Reviews-Coconuts_Beach_Club-Maninoa_Upolu.html","text_filtered_per_sentence":"we needed time out to relax and recharge coconuts is the perfect answer beautifully run by its very caring and charming owners barry , barbara and brian rose the resort is beachside and built with great sympathy in local style .superb and well trained staff .great understanding of my wife \u2019s gluten free needs food amongst the best we have had in any pacific island if you are looking for discos , nightlife then go to bali .here it \u2019s about relaxing and enjoying the delights of the local people and culture 11 very well spent days with a couple of tours arranged by the resort .mother \u2019s day service at a local church was another very special highlight beach fale c was the ideal spot .unique shower - we loved it !","rating":5.0}]